,metric,info_clf,mean_accuracy,std_accuracy,mean_sensitivity,std_sensitivity,mean_specificity,std_specificity,mean_auc,std_auc,mean_precision,std_precision,mean_recall,std_recall,mean_f1,std_f1,best_params.C,best_params.kernel
3,"('MED1', 'MED2', 'MED3', 'MED4', 'MED5', 'MED6', 'MED10')",svm,85.7777777777778,2.170509412813294,76.0,3.794733192202055,95.5,2.867926079939997,0.629,0.1165199553724597,96.00000000000001,2.5298221281347026,76.0,3.794733192202055,84.05555555555557,3.794733192202055,1,linear
61,"('MED1', 'MED3', 'MED4', 'MED5', 'MED6', 'MED9', 'MED10')",svm,85.7777777777778,2.170509412813294,76.0,3.794733192202055,95.5,2.867926079939997,0.29300000000000004,0.10109451023670869,96.00000000000001,2.5298221281347026,76.0,3.794733192202055,84.05555555555557,3.794733192202055,1,linear
79,"('MED1', 'MED4', 'MED5', 'MED6', 'MED7', 'MED9', 'MED10')",svm,85.7777777777778,2.170509412813294,84.00000000000001,3.794733192202054,86.99999999999999,3.4058772731852796,0.5750000000000001,0.11122274947149975,88.90476190476193,2.916875599902423,84.00000000000001,3.794733192202054,85.59945609945612,3.794733192202054,10,linear
28,"('MED1', 'MED2', 'MED3', 'MED5', 'MED7', 'MED9', 'MED10')",svm,84.7777777777778,2.1832697191750414,80.0,4.0,89.0,3.521363372331802,0.46900000000000003,0.12109872005929706,90.5714285714286,3.025065356015182,80.0,4.0,84.00854700854701,4.0,10,linear
78,"('MED1', 'MED4', 'MED5', 'MED6', 'MED7', 'MED8', 'MED10')",svm,84.7777777777778,2.1832697191750414,82.0,4.42718872423573,86.99999999999999,3.4058772731852796,0.581,0.1073540870204763,88.90476190476193,2.916875599902423,82.0,4.42718872423573,84.21056721056722,4.42718872423573,10,linear
56,"('MED1', 'MED3', 'MED4', 'MED5', 'MED6', 'MED7', 'MED8')",svm,84.7777777777778,2.1832697191750414,74.0,4.049691346263318,95.5,2.867926079939997,0.5970000000000001,0.11971674903704994,96.00000000000001,2.5298221281347026,74.0,4.049691346263318,82.66666666666667,4.049691346263318,1,linear
58,"('MED1', 'MED3', 'MED4', 'MED5', 'MED6', 'MED7', 'MED10')",svm,84.7777777777778,2.601281735350223,74.0,4.049691346263318,95.5,2.867926079939997,0.47300000000000003,0.12987724973989861,95.5,2.8679260799399966,74.0,4.049691346263318,82.72222222222221,4.049691346263318,1,linear
59,"('MED1', 'MED3', 'MED4', 'MED5', 'MED6', 'MED8', 'MED9')",svm,84.7777777777778,2.1832697191750414,74.0,4.049691346263318,95.5,2.867926079939997,0.749,0.1069808394059422,96.00000000000001,2.5298221281347026,74.0,4.049691346263318,82.66666666666667,4.049691346263318,1,linear
1,"('MED1', 'MED2', 'MED3', 'MED4', 'MED5', 'MED6', 'MED8')",svm,84.7777777777778,2.1832697191750414,74.0,4.049691346263318,95.5,2.867926079939997,0.5609999999999999,0.13215483343412,96.00000000000001,2.5298221281347026,74.0,4.049691346263318,82.66666666666667,4.049691346263318,1,linear
25,"('MED1', 'MED2', 'MED3', 'MED5', 'MED6', 'MED9', 'MED10')",svm,84.7777777777778,2.1832697191750414,76.0,3.794733192202055,93.5,3.1662280397975118,0.5469999999999999,0.12018360953141653,94.0,2.898275349237887,76.0,3.794733192202055,83.16666666666667,3.794733192202055,1,linear
73,"('MED1', 'MED3', 'MED5', 'MED6', 'MED7', 'MED9', 'MED10')",svm,84.7777777777778,2.1832697191750414,80.0,4.0,89.0,3.521363372331802,0.52,0.11575836902790224,90.5714285714286,3.025065356015182,80.0,4.0,84.00854700854701,4.0,10,linear
9,"('MED1', 'MED2', 'MED3', 'MED4', 'MED5', 'MED9', 'MED10')",svm,84.7777777777778,2.601281735350223,74.0,4.939635614091388,95.5,2.867926079939997,0.42300000000000004,0.12785968872166084,96.00000000000001,2.5298221281347026,74.0,4.939635614091388,82.26984126984128,4.939635614091388,1,linear
7,"('MED1', 'MED2', 'MED3', 'MED4', 'MED5', 'MED8', 'MED9')",svm,84.7777777777778,2.1832697191750414,74.0,4.049691346263318,95.5,2.867926079939997,0.905,0.031408597549078814,96.00000000000001,2.5298221281347026,74.0,4.049691346263318,82.66666666666667,4.049691346263318,1,linear
5,"('MED1', 'MED2', 'MED3', 'MED4', 'MED5', 'MED7', 'MED9')",svm,84.7777777777778,2.601281735350223,74.0,4.049691346263318,95.5,2.867926079939997,0.765,0.09780848633937649,95.5,2.8679260799399966,74.0,4.049691346263318,82.72222222222221,4.049691346263318,1,linear
4,"('MED1', 'MED2', 'MED3', 'MED4', 'MED5', 'MED7', 'MED8')",svm,84.7777777777778,2.1832697191750414,74.0,4.049691346263318,95.5,2.867926079939997,0.635,0.12412292294334676,96.00000000000001,2.5298221281347026,74.0,4.049691346263318,82.66666666666667,4.049691346263318,1,linear
2,"('MED1', 'MED2', 'MED3', 'MED4', 'MED5', 'MED6', 'MED9')",svm,84.7777777777778,2.1832697191750414,74.0,4.049691346263318,95.5,2.867926079939997,0.493,0.1318487770136682,96.00000000000001,2.5298221281347026,74.0,4.049691346263318,82.66666666666667,4.049691346263318,1,linear
21,"('MED1', 'MED2', 'MED3', 'MED5', 'MED6', 'MED7', 'MED9')",svm,84.7777777777778,2.601281735350223,74.0,4.049691346263318,95.5,2.867926079939997,0.421,0.12635228529789239,95.5,2.8679260799399966,74.0,4.049691346263318,82.72222222222221,4.049691346263318,1,linear
41,"('MED1', 'MED2', 'MED4', 'MED5', 'MED7', 'MED8', 'MED9')",svm,83.77777777777779,1.619327706865482,80.0,4.0,86.99999999999999,3.4058772731852796,0.8220000000000001,0.08219245707484354,88.90476190476193,2.916875599902423,80.0,4.0,83.09945609945612,4.0,10,linear
36,"('MED1', 'MED2', 'MED4', 'MED5', 'MED6', 'MED7', 'MED9')",svm,83.77777777777779,1.619327706865482,80.0,4.0,86.99999999999999,3.4058772731852796,0.385,0.11425629085525224,88.90476190476193,2.916875599902423,80.0,4.0,83.09945609945612,4.0,10,linear
37,"('MED1', 'MED2', 'MED4', 'MED5', 'MED6', 'MED7', 'MED10')",svm,83.77777777777779,1.619327706865482,80.0,4.0,86.99999999999999,3.4058772731852796,0.612,0.11381388316018393,88.90476190476193,2.916875599902423,80.0,4.0,83.09945609945612,4.0,10,linear
32,"('MED1', 'MED2', 'MED3', 'MED6', 'MED7', 'MED9', 'MED10')",svm,83.77777777777779,2.936362072739366,72.0,5.059644256269407,95.5,2.867926079939997,0.41900000000000004,0.12571754054228074,95.5,2.8679260799399966,72.0,5.059644256269407,80.93650793650792,5.059644256269407,1,linear
40,"('MED1', 'MED2', 'MED4', 'MED5', 'MED6', 'MED9', 'MED10')",svm,83.77777777777779,1.619327706865482,80.0,4.0,86.99999999999999,3.4058772731852796,0.389,0.11367013679942502,88.90476190476193,2.916875599902423,80.0,4.0,83.09945609945612,4.0,10,linear
0,"('MED1', 'MED2', 'MED3', 'MED4', 'MED5', 'MED6', 'MED7')",svm,83.77777777777779,1.619327706865482,78.0,3.405877273185281,89.0,3.521363372331802,0.37350000000000005,0.11674769805011145,90.5714285714286,3.025065356015182,78.0,3.405877273185281,82.8974358974359,3.405877273185281,10,linear
57,"('MED1', 'MED3', 'MED4', 'MED5', 'MED6', 'MED7', 'MED9')",svm,83.77777777777779,2.573367875415838,72.0,4.1952353926806065,95.5,2.867926079939997,0.45500000000000007,0.12900581382247855,95.5,2.8679260799399966,72.0,4.1952353926806065,81.33333333333333,4.1952353926806065,1,linear
29,"('MED1', 'MED2', 'MED3', 'MED5', 'MED8', 'MED9', 'MED10')",svm,83.77777777777779,2.573367875415838,72.0,5.059644256269407,95.5,2.867926079939997,0.473,0.12975399801162196,96.00000000000001,2.5298221281347026,72.0,5.059644256269407,80.88095238095238,5.059644256269407,1,linear
63,"('MED1', 'MED3', 'MED4', 'MED5', 'MED7', 'MED8', 'MED10')",svm,83.77777777777779,2.573367875415838,72.0,5.059644256269407,95.5,2.867926079939997,0.625,0.12388099127791963,96.00000000000001,2.5298221281347026,72.0,5.059644256269407,80.88095238095238,5.059644256269407,1,linear
65,"('MED1', 'MED3', 'MED4', 'MED5', 'MED8', 'MED9', 'MED10')",svm,83.77777777777779,2.573367875415838,72.0,5.059644256269407,95.5,2.867926079939997,0.361,0.1121289436318741,96.00000000000001,2.5298221281347026,72.0,5.059644256269407,80.88095238095238,5.059644256269407,1,linear
80,"('MED1', 'MED4', 'MED5', 'MED6', 'MED8', 'MED9', 'MED10')",svm,83.77777777777779,2.573367875415838,82.0,3.405877273185281,85.0,3.162277660168379,0.51,0.11437657102746175,86.07142857142858,2.9816616378202565,82.0,3.405877273185281,83.6752136752137,3.405877273185281,10,linear
62,"('MED1', 'MED3', 'MED4', 'MED5', 'MED7', 'MED8', 'MED9')",svm,83.77777777777779,2.149935399546279,74.0,4.049691346263318,93.5,3.1662280397975118,0.805,0.08992496872393116,94.0,2.898275349237887,74.0,4.049691346263318,81.7777777777778,4.049691346263318,1,linear
60,"('MED1', 'MED3', 'MED4', 'MED5', 'MED6', 'MED8', 'MED10')",svm,83.77777777777779,2.149935399546279,74.0,4.049691346263318,93.5,3.1662280397975118,0.5355000000000001,0.12839090699889927,94.0,2.898275349237887,74.0,4.049691346263318,81.7777777777778,4.049691346263318,1,linear
15,"('MED1', 'MED2', 'MED3', 'MED4', 'MED6', 'MED9', 'MED10')",svm,83.77777777777779,2.573367875415838,74.0,4.939635614091388,93.5,3.1662280397975118,0.16899999999999998,0.05766194585686473,94.0,2.898275349237887,74.0,4.939635614091388,81.3809523809524,4.939635614091388,1,linear
19,"('MED1', 'MED2', 'MED3', 'MED4', 'MED8', 'MED9', 'MED10')",svm,83.77777777777779,2.573367875415838,72.0,5.059644256269407,95.5,2.867926079939997,0.261,0.09428096308375304,96.00000000000001,2.5298221281347026,72.0,5.059644256269407,80.88095238095238,5.059644256269407,1,linear
26,"('MED1', 'MED2', 'MED3', 'MED5', 'MED7', 'MED8', 'MED9')",svm,83.77777777777779,2.149935399546279,74.0,4.049691346263318,93.5,3.1662280397975118,0.8089999999999999,0.08998277612965716,94.0,2.898275349237887,74.0,4.049691346263318,81.7777777777778,4.049691346263318,1,linear
24,"('MED1', 'MED2', 'MED3', 'MED5', 'MED6', 'MED8', 'MED10')",svm,83.77777777777779,2.149935399546279,74.0,4.049691346263318,93.5,3.1662280397975118,0.7449999999999999,0.10670754425062924,94.0,2.898275349237887,74.0,4.049691346263318,81.7777777777778,4.049691346263318,1,linear
20,"('MED1', 'MED2', 'MED3', 'MED5', 'MED6', 'MED7', 'MED8')",svm,83.77777777777779,2.149935399546279,74.0,4.049691346263318,93.5,3.1662280397975118,0.675,0.1241551448793001,94.0,2.898275349237887,74.0,4.049691346263318,81.7777777777778,4.049691346263318,1,linear
8,"('MED1', 'MED2', 'MED3', 'MED4', 'MED5', 'MED8', 'MED10')",svm,83.77777777777779,2.573367875415838,72.0,5.059644256269407,95.5,2.867926079939997,0.631,0.11266277113581043,96.00000000000001,2.5298221281347026,72.0,5.059644256269407,80.88095238095238,5.059644256269407,1,linear
14,"('MED1', 'MED2', 'MED3', 'MED4', 'MED6', 'MED8', 'MED10')",svm,82.77777777777779,2.5055493963954847,72.0,5.059644256269407,93.5,3.1662280397975118,0.4715000000000001,0.12607150748682272,94.0,2.898275349237887,72.0,5.059644256269407,79.9920634920635,5.059644256269407,1,linear
16,"('MED1', 'MED2', 'MED3', 'MED4', 'MED7', 'MED8', 'MED9')",svm,82.77777777777779,2.5055493963954847,72.0,4.1952353926806065,93.5,3.1662280397975118,0.7969999999999999,0.08722442318525239,93.50000000000001,3.1662280397975118,72.0,4.1952353926806065,80.44444444444444,4.1952353926806065,1,linear
13,"('MED1', 'MED2', 'MED3', 'MED4', 'MED6', 'MED8', 'MED9')",svm,82.77777777777779,2.5055493963954847,72.0,5.059644256269407,93.5,3.1662280397975118,0.475,0.13040897208397895,94.0,2.898275349237887,72.0,5.059644256269407,79.9920634920635,5.059644256269407,1,linear
18,"('MED1', 'MED2', 'MED3', 'MED4', 'MED7', 'MED9', 'MED10')",svm,82.77777777777779,2.8771127502720115,72.0,5.059644256269407,93.5,3.1662280397975118,0.261,0.09011603630875029,93.50000000000001,3.1662280397975118,72.0,5.059644256269407,80.04761904761905,5.059644256269407,1,linear
81,"('MED1', 'MED4', 'MED5', 'MED7', 'MED8', 'MED9', 'MED10')",svm,82.77777777777779,2.0682789409984763,78.0,5.253570214625479,86.99999999999999,3.4058772731852796,0.256,0.09014654735484881,88.90476190476193,2.916875599902423,78.0,5.253570214625479,81.31374181374183,5.253570214625479,10,linear
64,"('MED1', 'MED3', 'MED4', 'MED5', 'MED7', 'MED9', 'MED10')",svm,82.77777777777779,2.8771127502720115,70.0,5.0990195135927845,95.5,2.867926079939997,0.441,0.11379323354224538,95.5,2.8679260799399966,70.0,5.0990195135927845,79.54761904761905,5.0990195135927845,1,linear
6,"('MED1', 'MED2', 'MED3', 'MED4', 'MED5', 'MED7', 'MED10')",svm,82.77777777777779,2.0682789409984763,76.0,4.732863826479692,89.0,3.521363372331802,0.24366666666666664,0.08923433569353596,90.5714285714286,3.025065356015182,76.0,4.732863826479692,81.11172161172163,4.732863826479692,10,linear
70,"('MED1', 'MED3', 'MED4', 'MED7', 'MED8', 'MED9', 'MED10')",svm,82.77777777777779,2.0682789409984763,77.99999999999999,4.427188724235731,86.99999999999999,3.4058772731852796,0.257,0.08759052460169423,88.40476190476193,3.102199132193533,77.99999999999999,4.427188724235731,81.76612276612276,4.427188724235731,10,linear
71,"('MED1', 'MED3', 'MED5', 'MED6', 'MED7', 'MED8', 'MED9')",svm,82.77777777777779,2.5055493963954847,72.0,5.059644256269407,93.5,3.1662280397975118,0.705,0.11385297536735701,94.0,2.898275349237887,72.0,5.059644256269407,79.9920634920635,5.059644256269407,1,linear
72,"('MED1', 'MED3', 'MED5', 'MED6', 'MED7', 'MED8', 'MED10')",svm,82.77777777777779,2.5055493963954847,72.0,5.059644256269407,93.5,3.1662280397975118,0.655,0.12082425253234551,94.0,2.898275349237887,72.0,5.059644256269407,79.9920634920635,5.059644256269407,1,linear
11,"('MED1', 'MED2', 'MED3', 'MED4', 'MED6', 'MED7', 'MED9')",svm,82.77777777777779,2.8771127502720115,72.0,5.059644256269407,93.5,3.1662280397975118,0.177,0.0583103764350737,93.50000000000001,3.1662280397975118,72.0,5.059644256269407,80.04761904761905,5.059644256269407,1,linear
44,"('MED1', 'MED2', 'MED4', 'MED5', 'MED8', 'MED9', 'MED10')",svm,82.77777777777779,2.0682789409984763,78.0,5.253570214625479,86.99999999999999,3.4058772731852796,0.219,0.08884199457463796,88.90476190476193,2.916875599902423,78.0,5.253570214625479,81.31374181374183,5.253570214625479,10,linear
43,"('MED1', 'MED2', 'MED4', 'MED5', 'MED7', 'MED9', 'MED10')",svm,82.77777777777779,2.0682789409984763,78.0,5.253570214625479,86.99999999999999,3.4058772731852796,0.323,0.11391268586070649,88.90476190476193,2.916875599902423,78.0,5.253570214625479,81.31374181374183,5.253570214625479,10,linear
42,"('MED1', 'MED2', 'MED4', 'MED5', 'MED7', 'MED8', 'MED10')",svm,82.77777777777779,2.0682789409984763,78.0,5.253570214625479,86.99999999999999,3.4058772731852796,0.5363333333333334,0.1179891237925485,88.90476190476193,2.916875599902423,78.0,5.253570214625479,81.31374181374183,5.253570214625479,10,linear
22,"('MED1', 'MED2', 'MED3', 'MED5', 'MED6', 'MED7', 'MED10')",svm,82.77777777777779,3.2058973436118903,80.0,4.0,85.0,4.242640687119286,0.28500000000000003,0.1030461061855323,86.57142857142858,4.001020278042354,80.0,4.0,82.50854700854703,4.0,10,linear
23,"('MED1', 'MED2', 'MED3', 'MED5', 'MED6', 'MED8', 'MED9')",svm,82.77777777777779,2.5055493963954847,72.0,5.059644256269407,93.5,3.1662280397975118,0.775,0.09912870421830397,94.0,2.898275349237887,72.0,5.059644256269407,79.9920634920635,5.059644256269407,1,linear
39,"('MED1', 'MED2', 'MED4', 'MED5', 'MED6', 'MED8', 'MED10')",svm,82.77777777777779,1.5092308563562358,78.0,3.405877273185281,86.99999999999999,3.4058772731852796,0.5075000000000001,0.118450939211135,88.57142857142858,2.996596709057575,78.0,3.405877273185281,82.00854700854701,3.405877273185281,10,linear
38,"('MED1', 'MED2', 'MED4', 'MED5', 'MED6', 'MED8', 'MED9')",svm,82.77777777777779,2.5055493963954847,70.0,5.0990195135927845,95.5,2.867926079939997,0.5890000000000001,0.11980358926175794,96.00000000000001,2.5298221281347026,70.0,5.0990195135927845,79.4920634920635,5.0990195135927845,1,linear
35,"('MED1', 'MED2', 'MED4', 'MED5', 'MED6', 'MED7', 'MED8')",svm,82.77777777777779,2.5055493963954847,70.0,5.0990195135927845,95.5,2.867926079939997,0.38299999999999995,0.1265705336956434,96.00000000000001,2.5298221281347026,70.0,5.0990195135927845,79.4920634920635,5.0990195135927845,1,linear
74,"('MED1', 'MED3', 'MED5', 'MED6', 'MED8', 'MED9', 'MED10')",svm,82.77777777777779,2.5055493963954847,72.0,5.059644256269407,93.5,3.1662280397975118,0.7865,0.09374446650336223,94.0,2.898275349237887,72.0,5.059644256269407,79.9920634920635,5.059644256269407,1,linear
27,"('MED1', 'MED2', 'MED3', 'MED5', 'MED7', 'MED8', 'MED10')",svm,82.77777777777779,2.5055493963954847,72.0,5.059644256269407,93.5,3.1662280397975118,0.487,0.1320458253789191,94.0,2.898275349237887,72.0,5.059644256269407,79.9920634920635,5.059644256269407,1,linear
69,"('MED1', 'MED3', 'MED4', 'MED6', 'MED8', 'MED9', 'MED10')",svm,81.7777777777778,2.780887148615228,70.0,5.8309518948453,93.5,3.1662280397975118,0.483,0.12955346386723898,94.0,2.898275349237887,70.0,5.8309518948453,78.20634920634922,5.8309518948453,1,linear
68,"('MED1', 'MED3', 'MED4', 'MED6', 'MED7', 'MED9', 'MED10')",svm,81.7777777777778,2.39443799947573,76.0,5.513619500836088,86.99999999999999,3.4058772731852796,0.277,0.08834081729302712,88.40476190476193,3.102199132193533,76.0,5.513619500836088,79.98040848040849,5.513619500836088,10,linear
12,"('MED1', 'MED2', 'MED3', 'MED4', 'MED6', 'MED7', 'MED10')",svm,81.7777777777778,2.39443799947573,76.0,5.513619500836088,86.99999999999999,3.4058772731852796,0.156,0.04996398703066039,88.40476190476193,3.102199132193533,76.0,5.513619500836088,79.98040848040849,5.513619500836088,10,linear
31,"('MED1', 'MED2', 'MED3', 'MED6', 'MED7', 'MED8', 'MED10')",svm,81.7777777777778,2.780887148615228,70.0,5.0990195135927845,93.5,3.1662280397975118,0.41500000000000004,0.12494198653775278,93.50000000000001,3.1662280397975118,70.0,5.0990195135927845,78.65873015873015,5.0990195135927845,1,linear
75,"('MED1', 'MED3', 'MED5', 'MED7', 'MED8', 'MED9', 'MED10')",svm,81.7777777777778,2.780887148615228,70.0,5.8309518948453,93.5,3.1662280397975118,0.315,0.11516292806281023,94.0,2.898275349237887,70.0,5.8309518948453,78.20634920634922,5.8309518948453,1,linear
53,"('MED1', 'MED2', 'MED5', 'MED6', 'MED8', 'MED9', 'MED10')",svm,81.7777777777778,2.3944379994757297,70.0,5.0990195135927845,93.5,3.1662280397975118,0.45499999999999996,0.11457093872356987,94.0,2.898275349237887,70.0,5.0990195135927845,78.6031746031746,5.0990195135927845,1,linear
17,"('MED1', 'MED2', 'MED3', 'MED4', 'MED7', 'MED8', 'MED10')",svm,81.7777777777778,2.780887148615228,70.0,5.0990195135927845,93.5,3.1662280397975118,0.759,0.08210298411141947,93.50000000000001,3.1662280397975118,70.0,5.0990195135927845,78.65873015873015,5.0990195135927845,1,linear
77,"('MED1', 'MED4', 'MED5', 'MED6', 'MED7', 'MED8', 'MED9')",svm,81.7777777777778,1.932183566158592,78.0,3.405877273185281,85.0,3.162277660168379,0.5860000000000001,0.11408943859972316,86.07142857142858,2.9816616378202565,78.0,3.405877273185281,81.1752136752137,3.405877273185281,10,linear
52,"('MED1', 'MED2', 'MED5', 'MED6', 'MED7', 'MED9', 'MED10')",svm,81.7777777777778,3.4253953543107016,77.99999999999999,4.427188724235731,85.0,4.242640687119286,0.43500000000000005,0.11621746856647669,86.07142857142858,4.109781760927091,77.99999999999999,4.427188724235731,81.17521367521367,4.427188724235731,10,linear
51,"('MED1', 'MED2', 'MED5', 'MED6', 'MED7', 'MED8', 'MED10')",svm,81.7777777777778,2.3944379994757297,70.0,5.0990195135927845,93.5,3.1662280397975118,0.6553333333333333,0.11100270266979989,94.0,2.898275349237887,70.0,5.0990195135927845,78.6031746031746,5.0990195135927845,1,linear
50,"('MED1', 'MED2', 'MED5', 'MED6', 'MED7', 'MED8', 'MED9')",svm,81.7777777777778,2.3944379994757297,70.0,5.0990195135927845,93.5,3.1662280397975118,0.41100000000000003,0.12820647409549957,94.0,2.898275349237887,70.0,5.0990195135927845,78.6031746031746,5.0990195135927845,1,linear
49,"('MED1', 'MED2', 'MED4', 'MED7', 'MED8', 'MED9', 'MED10')",svm,81.7777777777778,2.39443799947573,76.0,5.513619500836088,86.99999999999999,3.4058772731852796,0.281,0.08843585245815185,88.40476190476193,3.102199132193533,76.0,5.513619500836088,79.98040848040849,5.513619500836088,10,linear
48,"('MED1', 'MED2', 'MED4', 'MED6', 'MED8', 'MED9', 'MED10')",svm,81.7777777777778,2.39443799947573,76.0,6.196773353931866,86.99999999999999,3.4058772731852796,0.6599999999999999,0.11485643212288982,88.90476190476193,2.916875599902423,76.0,6.196773353931866,79.52802752802754,6.196773353931866,10,linear
47,"('MED1', 'MED2', 'MED4', 'MED6', 'MED7', 'MED9', 'MED10')",svm,81.7777777777778,2.39443799947573,76.0,5.513619500836088,86.99999999999999,3.4058772731852796,0.47300000000000003,0.11214321201035755,88.40476190476193,3.102199132193533,76.0,5.513619500836088,79.98040848040849,5.513619500836088,10,linear
46,"('MED1', 'MED2', 'MED4', 'MED6', 'MED7', 'MED8', 'MED10')",svm,81.7777777777778,2.39443799947573,76.0,5.513619500836088,86.99999999999999,3.4058772731852796,0.54,0.11963277142990544,88.40476190476193,3.102199132193533,76.0,5.513619500836088,79.98040848040849,5.513619500836088,10,linear
45,"('MED1', 'MED2', 'MED4', 'MED6', 'MED7', 'MED8', 'MED9')",svm,81.7777777777778,2.39443799947573,76.0,5.513619500836088,86.99999999999999,3.4058772731852796,0.575,0.12064203247624768,88.40476190476193,3.102199132193533,76.0,5.513619500836088,79.98040848040849,5.513619500836088,10,linear
34,"('MED1', 'MED2', 'MED3', 'MED7', 'MED8', 'MED9', 'MED10')",svm,81.7777777777778,2.780887148615228,70.0,5.0990195135927845,93.5,3.1662280397975118,0.361,0.10923781396567767,93.50000000000001,3.1662280397975118,70.0,5.0990195135927845,78.65873015873015,5.0990195135927845,1,linear
33,"('MED1', 'MED2', 'MED3', 'MED6', 'MED8', 'MED9', 'MED10')",svm,81.7777777777778,2.780887148615228,70.0,5.8309518948453,93.5,3.1662280397975118,0.449,0.1213461989515947,94.0,2.898275349237887,70.0,5.8309518948453,78.20634920634922,5.8309518948453,1,linear
10,"('MED1', 'MED2', 'MED3', 'MED4', 'MED6', 'MED7', 'MED8')",svm,81.7777777777778,2.780887148615228,70.0,5.0990195135927845,93.5,3.1662280397975118,0.5066666666666667,0.12333963947842018,93.50000000000001,3.1662280397975118,70.0,5.0990195135927845,78.65873015873015,5.0990195135927845,1,linear
82,"('MED1', 'MED4', 'MED6', 'MED7', 'MED8', 'MED9', 'MED10')",svm,80.7777777777778,3.3149493041204856,74.0,6.356099432828281,86.99999999999999,3.4058772731852796,0.30600000000000005,0.08129206603353122,87.07142857142858,3.669456267221637,74.0,6.356099432828281,78.36929736929737,6.356099432828281,10,linear
30,"('MED1', 'MED2', 'MED3', 'MED6', 'MED7', 'MED8', 'MED9')",svm,80.7777777777778,2.9981475762358483,68.0,5.796550698475776,93.5,3.1662280397975118,0.265,0.09116194381429127,93.50000000000001,3.1662280397975118,68.0,5.796550698475776,76.87301587301587,5.796550698475776,1,linear
76,"('MED1', 'MED3', 'MED6', 'MED7', 'MED8', 'MED9', 'MED10')",svm,80.7777777777778,2.9981475762358483,68.0,5.796550698475776,93.5,3.1662280397975118,0.4210000000000001,0.11451157146769055,93.50000000000001,3.1662280397975118,68.0,5.796550698475776,76.87301587301587,5.796550698475776,1,linear
66,"('MED1', 'MED3', 'MED4', 'MED6', 'MED7', 'MED8', 'MED9')",svm,80.7777777777778,2.9981475762358483,68.0,5.796550698475776,93.5,3.1662280397975118,0.255,0.0877638877899105,93.50000000000001,3.1662280397975118,68.0,5.796550698475776,76.87301587301587,5.796550698475776,1,linear
55,"('MED1', 'MED2', 'MED6', 'MED7', 'MED8', 'MED9', 'MED10')",svm,80.7777777777778,2.9981475762358483,74.0,4.939635614091388,86.99999999999999,3.4058772731852796,0.519,0.12422922361505766,86.73809523809524,3.7167345407304113,74.0,4.939635614091388,79.06410256410257,4.939635614091388,10,linear
54,"('MED1', 'MED2', 'MED5', 'MED7', 'MED8', 'MED9', 'MED10')",svm,80.7777777777778,2.6436506745197805,68.0,5.796550698475776,93.5,3.1662280397975118,0.353,0.11067113444796707,94.0,2.898275349237887,68.0,5.796550698475776,76.81746031746032,5.796550698475776,1,linear
67,"('MED1', 'MED3', 'MED4', 'MED6', 'MED7', 'MED8', 'MED10')",svm,80.7777777777778,2.9981475762358483,68.0,5.796550698475776,93.5,3.1662280397975118,0.28500000000000003,0.09530215107750717,93.50000000000001,3.1662280397975118,68.0,5.796550698475776,76.87301587301587,5.796550698475776,1,linear
83,"('MED1', 'MED5', 'MED6', 'MED7', 'MED8', 'MED9', 'MED10')",svm,80.77777777777777,2.233582075700127,68.0,5.059644256269407,93.5,3.1662280397975118,0.409,0.12633645554629114,94.0,2.898275349237887,68.0,5.059644256269407,77.21428571428571,5.059644256269407,1,linear
90,"('MED2', 'MED3', 'MED4', 'MED5', 'MED7', 'MED8', 'MED9')",svm,77.55555555555556,3.6575644598253874,58.33333333333333,6.096447052723961,98.00000000000001,1.897366596101027,0.7378333333333333,0.08205013711140281,96.66666666666666,3.162277660168379,58.33333333333333,6.096447052723961,70.91630591630592,6.096447052723961,10,linear
111,"('MED2', 'MED5', 'MED6', 'MED7', 'MED8', 'MED9', 'MED10')",svm,77.55555555555556,4.168666186896928,58.33333333333333,7.291547618075786,98.00000000000001,1.897366596101027,0.3365,0.10306320876044954,96.66666666666666,3.162277660168379,58.33333333333333,7.291547618075786,69.92424242424241,7.291547618075786,10,linear
109,"('MED2', 'MED4', 'MED5', 'MED7', 'MED8', 'MED9', 'MED10')",svm,77.55555555555556,4.168666186896928,58.33333333333333,7.291547618075786,98.00000000000001,1.897366596101027,0.48966666666666664,0.10612618275744522,96.66666666666666,3.162277660168379,58.33333333333333,7.291547618075786,69.92424242424241,7.291547618075786,10,linear
105,"('MED2', 'MED4', 'MED5', 'MED6', 'MED7', 'MED8', 'MED9')",svm,77.55555555555556,3.6575644598253874,60.33333333333333,6.436872946806807,96.0,2.5298221281347026,0.606,0.0913914656847126,94.66666666666667,3.502380143083652,60.33333333333333,6.436872946806807,71.41630591630592,6.436872946806807,10,linear
92,"('MED2', 'MED3', 'MED4', 'MED5', 'MED7', 'MED9', 'MED10')",svm,77.55555555555556,4.168666186896928,58.33333333333333,7.291547618075786,98.00000000000001,1.897366596101027,0.4600000000000001,0.0964157663455516,96.66666666666666,3.162277660168379,58.33333333333333,7.291547618075786,69.92424242424241,7.291547618075786,10,linear
99,"('MED2', 'MED3', 'MED5', 'MED6', 'MED7', 'MED8', 'MED9')",svm,77.55555555555556,3.6575644598253874,58.33333333333333,6.096447052723961,98.00000000000001,1.897366596101027,0.496,0.10150073891356653,96.66666666666666,3.162277660168379,58.33333333333333,6.096447052723961,70.91630591630592,6.096447052723961,10,linear
89,"('MED2', 'MED3', 'MED4', 'MED5', 'MED6', 'MED9', 'MED10')",svm,76.55555555555556,3.4334951418181574,60.33333333333333,5.78215646046813,94.0,2.8982753492378865,0.53,0.11031772296417289,92.16666666666666,3.901922603025334,60.33333333333333,5.78215646046813,70.97979797979798,5.78215646046813,10,linear
101,"('MED2', 'MED3', 'MED5', 'MED6', 'MED7', 'MED9', 'MED10')",svm,76.55555555555556,3.9735234853828265,56.33333333333332,6.935416353759881,98.00000000000001,1.897366596101027,0.4,0.1044222198576529,96.66666666666666,3.162277660168379,56.33333333333332,6.935416353759881,68.53535353535352,6.935416353759881,10,linear
110,"('MED2', 'MED4', 'MED6', 'MED7', 'MED8', 'MED9', 'MED10')",svm,76.55555555555556,3.9735234853828265,56.33333333333332,6.935416353759881,98.00000000000001,1.897366596101027,0.25600000000000006,0.07923635529225206,96.66666666666666,3.162277660168379,56.33333333333332,6.935416353759881,68.53535353535352,6.935416353759881,10,linear
85,"('MED2', 'MED3', 'MED4', 'MED5', 'MED6', 'MED7', 'MED9')",svm,76.55555555555556,3.4334951418181574,58.666666666666664,6.022181221672648,96.0,2.5298221281347026,0.45,0.10900458705944444,94.66666666666667,3.502380143083652,58.666666666666664,6.022181221672648,70.32539682539682,6.022181221672648,10,linear
108,"('MED2', 'MED4', 'MED5', 'MED6', 'MED8', 'MED9', 'MED10')",svm,76.55555555555556,4.2176876234364356,60.0,6.928203230275509,94.0,2.8982753492378865,0.644,0.10946414938234343,91.33333333333333,4.325634186002223,60.0,6.928203230275509,70.22222222222221,6.928203230275509,10,linear
107,"('MED2', 'MED4', 'MED5', 'MED6', 'MED7', 'MED9', 'MED10')",svm,76.55555555555556,3.4334951418181574,58.33333333333333,6.096447052723961,96.0,2.5298221281347026,0.48199999999999993,0.11215881597092578,94.66666666666667,3.502380143083652,58.33333333333333,6.096447052723961,70.02741702741703,6.096447052723961,10,linear
106,"('MED2', 'MED4', 'MED5', 'MED6', 'MED7', 'MED8', 'MED10')",svm,76.55555555555556,3.9735234853828265,60.33333333333333,6.436872946806807,94.0,2.8982753492378865,0.6479999999999999,0.10423818877935283,91.33333333333333,4.325634186002223,60.33333333333333,6.436872946806807,70.7020202020202,6.436872946806807,10,linear
104,"('MED2', 'MED3', 'MED6', 'MED7', 'MED8', 'MED9', 'MED10')",svm,76.55555555555556,3.9735234853828265,56.33333333333332,6.935416353759881,98.00000000000001,1.897366596101027,0.326,0.08400238091863826,96.66666666666666,3.162277660168379,56.33333333333332,6.935416353759881,68.53535353535352,6.935416353759881,10,linear
103,"('MED2', 'MED3', 'MED5', 'MED7', 'MED8', 'MED9', 'MED10')",svm,76.55555555555556,3.9735234853828265,56.33333333333332,6.935416353759881,98.00000000000001,1.897366596101027,0.5700000000000001,0.10335376142163381,96.66666666666666,3.162277660168379,56.33333333333332,6.935416353759881,68.53535353535352,6.935416353759881,10,linear
102,"('MED2', 'MED3', 'MED5', 'MED6', 'MED8', 'MED9', 'MED10')",svm,76.55555555555556,3.9735234853828265,56.33333333333332,6.935416353759881,98.00000000000001,1.897366596101027,0.68875,0.10429001030779504,96.66666666666666,3.162277660168379,56.33333333333332,6.935416353759881,68.53535353535352,6.935416353759881,10,linear
86,"('MED2', 'MED3', 'MED4', 'MED5', 'MED6', 'MED7', 'MED10')",svm,76.55555555555556,3.4334951418181574,58.666666666666664,6.022181221672648,96.0,2.5298221281347026,0.42299999999999993,0.11169646368618838,94.66666666666667,3.502380143083652,58.666666666666664,6.022181221672648,70.32539682539682,6.022181221672648,10,linear
100,"('MED2', 'MED3', 'MED5', 'MED6', 'MED7', 'MED8', 'MED10')",svm,76.55555555555556,3.9735234853828265,58.33333333333333,6.096447052723961,96.0,2.5298221281347026,0.514,0.10330730855075065,93.33333333333333,4.21637021355784,58.33333333333333,6.096447052723961,70.2020202020202,6.096447052723961,10,linear
95,"('MED2', 'MED3', 'MED4', 'MED6', 'MED7', 'MED8', 'MED10')",svm,76.55555555555556,3.9735234853828265,56.33333333333332,6.935416353759881,98.00000000000001,1.897366596101027,0.3241666666666667,0.10184772129671499,96.66666666666666,3.162277660168379,56.33333333333332,6.935416353759881,68.53535353535352,6.935416353759881,10,linear
87,"('MED2', 'MED3', 'MED4', 'MED5', 'MED6', 'MED8', 'MED9')",svm,76.55555555555556,3.4334951418181574,58.33333333333333,6.096447052723961,96.0,2.5298221281347026,0.7835,0.06322202938849716,94.66666666666667,3.502380143083652,58.33333333333333,6.096447052723961,70.02741702741703,6.096447052723961,10,linear
93,"('MED2', 'MED3', 'MED4', 'MED5', 'MED8', 'MED9', 'MED10')",svm,76.55555555555556,3.9735234853828265,56.33333333333332,6.935416353759881,98.00000000000001,1.897366596101027,0.458,0.10223306705758171,96.66666666666666,3.162277660168379,56.33333333333332,6.935416353759881,68.53535353535352,6.935416353759881,10,linear
88,"('MED2', 'MED3', 'MED4', 'MED5', 'MED6', 'MED8', 'MED10')",svm,76.55555555555556,3.4334951418181574,60.33333333333333,5.78215646046813,94.0,2.8982753492378865,0.606,0.10056042959335446,92.16666666666666,3.901922603025334,60.33333333333333,5.78215646046813,70.97979797979798,5.78215646046813,10,linear
97,"('MED2', 'MED3', 'MED4', 'MED6', 'MED8', 'MED9', 'MED10')",svm,76.55555555555556,3.973523485382828,58.33333333333333,7.291547618075786,95.5,2.867926079939997,0.3158333333333334,0.10549387817941537,95.0,3.3747427885527648,58.33333333333333,7.291547618075786,69.16666666666667,7.291547618075786,10,linear
96,"('MED2', 'MED3', 'MED4', 'MED6', 'MED7', 'MED9', 'MED10')",svm,75.55555555555557,3.7416573867739418,54.666666666666664,6.449806198638838,98.00000000000001,1.897366596101027,0.37633333333333335,0.08454643694443902,96.66666666666666,3.162277660168379,54.666666666666664,6.449806198638838,67.44444444444444,6.449806198638838,10,linear
91,"('MED2', 'MED3', 'MED4', 'MED5', 'MED7', 'MED8', 'MED10')",svm,75.55555555555557,3.7416573867739418,54.666666666666664,6.449806198638838,98.00000000000001,1.897366596101027,0.55,0.1045083728703112,96.66666666666666,3.162277660168379,54.666666666666664,6.449806198638838,67.44444444444444,6.449806198638838,10,linear
94,"('MED2', 'MED3', 'MED4', 'MED6', 'MED7', 'MED8', 'MED9')",svm,75.55555555555557,3.7416573867739418,54.666666666666664,6.449806198638838,98.00000000000001,1.897366596101027,0.36000000000000004,0.0990757286120067,96.66666666666666,3.162277660168379,54.666666666666664,6.449806198638838,67.44444444444444,6.449806198638838,10,linear
98,"('MED2', 'MED3', 'MED4', 'MED7', 'MED8', 'MED9', 'MED10')",svm,75.55555555555557,3.7416573867739418,54.666666666666664,6.449806198638838,98.00000000000001,1.897366596101027,0.41983333333333334,0.11266776380136424,96.66666666666666,3.162277660168379,54.666666666666664,6.449806198638838,67.44444444444444,6.449806198638838,10,linear
84,"('MED2', 'MED3', 'MED4', 'MED5', 'MED6', 'MED7', 'MED8')",svm,75.55555555555556,4.0,54.33333333333332,7.08754776585903,98.00000000000001,1.897366596101027,0.536,0.10616214014421524,96.66666666666666,3.162277660168379,54.33333333333332,7.08754776585903,66.74963924963924,7.08754776585903,10,linear
114,"('MED3', 'MED4', 'MED5', 'MED6', 'MED7', 'MED9', 'MED10')",svm,75.55555555555556,4.0,67.0,7.218032973047436,86.0,4.939635614091388,0.62875,0.10824696877973072,86.5,4.6812272844724045,67.0,7.218032973047436,72.03030303030302,7.218032973047436,10,linear
118,"('MED3', 'MED5', 'MED6', 'MED7', 'MED8', 'MED9', 'MED10')",svm,75.55555555555556,5.0990195135927845,65.00000000000001,8.154753215150045,87.5,5.159941860137573,0.446,0.11313885274299011,87.5,5.432668671002207,65.00000000000001,8.154753215150045,71.13347763347763,8.154753215150045,10,linear
112,"('MED3', 'MED4', 'MED5', 'MED6', 'MED7', 'MED8', 'MED9')",svm,73.55555555555556,3.7178249316263163,67.0,7.752418977325721,81.5,4.474930167052889,0.634,0.08616495807461406,81.8095238095238,4.071108313775787,67.0,7.752418977325721,70.08585858585859,7.752418977325721,10,linear
113,"('MED3', 'MED4', 'MED5', 'MED6', 'MED7', 'MED8', 'MED10')",svm,73.55555555555556,3.438345855527367,69.0,7.273238618387272,79.5,4.0280268122245655,0.42300000000000004,0.09945903679404904,80.14285714285712,3.4090382734890756,69.0,7.273238618387272,70.9191919191919,7.273238618387272,10,linear
115,"('MED3', 'MED4', 'MED5', 'MED6', 'MED8', 'MED9', 'MED10')",svm,73.44444444444444,4.620004810002307,66.66666666666667,7.483314773547882,81.0,6.0332412515993425,0.5980000000000001,0.10569578988777178,81.3809523809524,5.8528633223657955,66.66666666666667,7.483314773547882,70.58152958152958,7.483314773547882,10,linear
116,"('MED3', 'MED4', 'MED5', 'MED7', 'MED8', 'MED9', 'MED10')",svm,71.66666666666667,3.979112128771107,72.0,6.449806198638839,72.0,7.042726744663604,0.28900000000000003,0.050959788068633105,76.05952380952382,5.4334368860379545,72.0,6.449806198638839,71.30053280053279,6.449806198638839,1,linear
119,"('MED4', 'MED5', 'MED6', 'MED7', 'MED8', 'MED9', 'MED10')",svm,68.66666666666667,3.3065591380365995,80.0,6.324555320336758,57.00000000000001,8.723531395025756,0.465,0.09644946863513557,70.68253968253968,5.191607080335877,80.0,6.324555320336758,71.7936507936508,6.324555320336758,10,linear
117,"('MED3', 'MED4', 'MED6', 'MED7', 'MED8', 'MED9', 'MED10')",svm,68.55555555555554,3.7252889522529364,72.0,5.796550698475776,64.5,6.420669746996803,0.27,0.052706735812417756,70.33333333333334,4.1952353926806065,72.0,5.796550698475776,69.52830502830503,5.796550698475776,1,linear
